IdUbicacion;NombreUbicacion;Ubicacion
1;Almacen Miami;Estados Unidos, Miami
2;AILA;Republica Dominicana, Ruta 66 Salida Del Aeropuerto Las Americas, Santo Domingo 11336
3;Centro De Distribución;Republica Dominicana, Santo Domingo, Av. 27 De Febrero, 32
4;Sucursal Gabriel Zoe;Calle Alberto Solano 129
5;Sucursal Leo Danna;Avenida Oeste 9
6;Sucursal Andrés Adriana;S. Pablo 141
7;Sucursal Alejandro Andrea;Calle Dolly 174
8;Sucursal Axel Francesca;Manzana P 83
9;Sucursal Hugo Noa;Calle H-5 55
10;Sucursal Iván Antonella;Calle Dr. Tejada Florentino 128
11;Sucursal Emmanuel Constanza;Calle Soco 188
12;Sucursal Manuel Maia;Avenida La Cordillera 102
13;Sucursal Vicente Fernanda;Calle Vientos Del Sur 41
14;Sucursal David Valentina;Calle Mella 27
15;Sucursal Lorenzo Emilia;Calle Altamira 133
16;Sucursal Simón Ariadna;Felicita Vargas 77
17;Sucursal Felipe Sofía;Panchito Garcia 91
18;Sucursal Gael Elisa;Calle Restauración 40
